{
  "interactionModel": {
    "languageModel": {
      "invocationName": "radar",
      "intents": [
        {
          "name": "AMAZON.NoIntent",
          "samples": [
            "na",
            "no"
          ]
        },
        {
          "name": "AMAZON.YesIntent",
          "samples": [
            "aye",
            "Yes"
          ]
        },
        {
          "name": "AMAZON.CancelIntent",
          "samples": []
        },
        {
          "name": "AMAZON.HelpIntent",
          "samples": []
        },
        {
          "name": "AMAZON.StopIntent",
          "samples": [
            "quit",
            "exit",
            "end",
            "stop"
          ]
        },
        {
          "name": "AddMovie",
          "slots": [
            {
              "name": "movieName",
              "type": "AMAZON.Movie"
            },
            {
              "name": "releaseDate",
              "type": "AMAZON.DATE"
            },
            {
              "name": "list_name",
              "type": "AMAZON.FictionalCharacter"
            }
          ],
          "samples": [
            "add the movie {movieName} to trakt ",
            "add movie {movieName} {releaseDate}",
            "add movie {movieName} to trakt",
            "add the movie {movieName} to the list {list_name}",
            "add the film {movieName} to the list {list_name}",
            "add the movie {movieName} to the wanted list",
            "add the film {movieName} to the wanted list",
            "add the movie {movieName}",
            "add the film {movieName}",
            "add the movie {movieName} from {releaseDate} to the list",
            "add the film {movieName} from {releaseDate} to the list",
            "add the movie {movieName} released in {releaseDate} to the list",
            "add the film {movieName} released in {releaseDate} to the list",
            "add the movie {movieName} year {releaseDate} to the list",
            "add the film {movieName} year {releaseDate} to the list",
            "add the movie {movieName} came out in {releaseDate} to the list",
            "add the film {movieName} came out in {releaseDate} to the list",
            "add the movie {movieName} from {releaseDate} to the wanted list",
            "add the film {movieName} from {releaseDate} to the wanted list",
            "add the movie {movieName} released in {releaseDate} to the wanted list",
            "add the film {movieName} released in {releaseDate} to the wanted list",
            "add the movie {movieName} year {releaseDate} to the wanted list",
            "add the film {movieName} year {releaseDate} to the wanted list",
            "add the movie {movieName} came out in {releaseDate} to the wanted list",
            "add the film {movieName} came out in {releaseDate} to the wanted list",
            "add the movie {movieName} from {releaseDate}",
            "add the film {movieName} from {releaseDate}",
            "add the movie {movieName} released in {releaseDate}",
            "add the film {movieName} released in {releaseDate}",
            "add the movie {movieName} year {releaseDate}",
            "add the film {movieName} year {releaseDate}",
            "add the movie {movieName} came out in {releaseDate}",
            "add the film {movieName} came out in {releaseDate}"
          ]
        },
        {
          "name": "FindMovie",
          "slots": [
            {
              "name": "movieName",
              "type": "AMAZON.Movie"
            },
            {
              "name": "releaseDate",
              "type": "AMAZON.DATE"
            }
          ],
          "samples": [
            "if the movie {movieName} on a list",
            "is the movie {movieName} {releaseDate} is on a list",
            "if the movie {movieName} {releaseDate} is on a list",
            "if the movie {movieName} is on a list",
            "is the movie {movieName} on a list",
            "is the movie {movieName} on the list",
            "if the movie {movieName} on the list",
            "is the film {movieName} on the list",
            "if the film {movieName} on the list",
            "is the movie {movieName} is on the list",
            "if the movie {movieName} is on the list",
            "is the film {movieName} is on the list",
            "if the film {movieName} is on the list",
            "is the movie {movieName} already",
            "if the movie {movieName} already",
            "is the film {movieName} already",
            "if the film {movieName} already",
            "is the movie {movieName} is already",
            "if the movie {movieName} is already",
            "is the film {movieName} is already",
            "if the film {movieName} is already",
            "is the movie {movieName} is wanted",
            "if the movie {movieName} is wanted",
            "is the film {movieName} is wanted",
            "if the film {movieName} is wanted",
            "is the movie {movieName} is in wanted",
            "if the movie {movieName} is in wanted",
            "is the film {movieName} is in wanted",
            "if the film {movieName} is in wanted",
            "is the movie {movieName} from {releaseDate} on the list",
            "if the movie {movieName} from {releaseDate} on the list",
            "is the film {movieName} from {releaseDate} on the list",
            "if the film {movieName} from {releaseDate} on the list",
            "is the movie {movieName} released in {releaseDate} on the list",
            "if the movie {movieName} released in {releaseDate} on the list",
            "is the film {movieName} released in {releaseDate} on the list",
            "if the film {movieName} released in {releaseDate} on the list",
            "is the movie {movieName} year {releaseDate} on the list",
            "if the movie {movieName} year {releaseDate} on the list",
            "is the film {movieName} year {releaseDate} on the list",
            "if the film {movieName} year {releaseDate} on the list",
            "is the movie {movieName} came out in {releaseDate} on the list",
            "if the movie {movieName} came out in {releaseDate} on the list",
            "is the film {movieName} came out in {releaseDate} on the list",
            "if the film {movieName} came out in {releaseDate} on the list",
            "is the movie {movieName} from {releaseDate} is on the list",
            "if the movie {movieName} from {releaseDate} is on the list",
            "is the film {movieName} from {releaseDate} is on the list",
            "if the film {movieName} from {releaseDate} is on the list",
            "is the movie {movieName} released in {releaseDate} is on the list",
            "if the movie {movieName} released in {releaseDate} is on the list",
            "is the film {movieName} released in {releaseDate} is on the list",
            "if the film {movieName} released in {releaseDate} is on the list",
            "is the movie {movieName} year {releaseDate} is on the list",
            "if the movie {movieName} year {releaseDate} is on the list",
            "is the film {movieName} year {releaseDate} is on the list",
            "if the film {movieName} year {releaseDate} is on the list",
            "is the movie {movieName} came out in {releaseDate} is on the list",
            "if the movie {movieName} came out in {releaseDate} is on the list",
            "is the film {movieName} came out in {releaseDate} is on the list",
            "if the film {movieName} came out in {releaseDate} is on the list",
            "is the movie {movieName} from {releaseDate} already",
            "if the movie {movieName} from {releaseDate} already",
            "is the film {movieName} from {releaseDate} already",
            "if the film {movieName} from {releaseDate} already",
            "is the movie {movieName} released in {releaseDate} already",
            "if the movie {movieName} released in {releaseDate} already",
            "is the film {movieName} released in {releaseDate} already",
            "if the film {movieName} released in {releaseDate} already",
            "is the movie {movieName} year {releaseDate} already",
            "if the movie {movieName} year {releaseDate} already",
            "is the film {movieName} year {releaseDate} already",
            "if the film {movieName} year {releaseDate} already",
            "is the movie {movieName} came out in {releaseDate} already",
            "if the movie {movieName} came out in {releaseDate} already",
            "is the film {movieName} came out in {releaseDate} already",
            "if the film {movieName} came out in {releaseDate} already",
            "is the movie {movieName} from {releaseDate} is already",
            "if the movie {movieName} from {releaseDate} is already",
            "is the film {movieName} from {releaseDate} is already",
            "if the film {movieName} from {releaseDate} is already",
            "is the movie {movieName} released in {releaseDate} is already",
            "if the movie {movieName} released in {releaseDate} is already",
            "is the film {movieName} released in {releaseDate} is already",
            "if the film {movieName} released in {releaseDate} is already",
            "is the movie {movieName} year {releaseDate} is already",
            "if the movie {movieName} year {releaseDate} is already",
            "is the film {movieName} year {releaseDate} is already",
            "if the film {movieName} year {releaseDate} is already",
            "is the movie {movieName} came out in {releaseDate} is already",
            "if the movie {movieName} came out in {releaseDate} is already",
            "is the film {movieName} came out in {releaseDate} is already",
            "if the film {movieName} came out in {releaseDate} is already",
            "is the movie {movieName} from {releaseDate} is wanted",
            "if the movie {movieName} from {releaseDate} is wanted",
            "is the film {movieName} from {releaseDate} is wanted",
            "if the film {movieName} from {releaseDate} is wanted",
            "is the movie {movieName} released in {releaseDate} is wanted",
            "if the movie {movieName} released in {releaseDate} is wanted",
            "is the film {movieName} released in {releaseDate} is wanted",
            "if the film {movieName} released in {releaseDate} is wanted",
            "is the movie {movieName} year {releaseDate} is wanted",
            "if the movie {movieName} year {releaseDate} is wanted",
            "is the film {movieName} year {releaseDate} is wanted",
            "if the film {movieName} year {releaseDate} is wanted",
            "is the movie {movieName} came out in {releaseDate} is wanted",
            "if the movie {movieName} came out in {releaseDate} is wanted",
            "is the film {movieName} came out in {releaseDate} is wanted",
            "if the film {movieName} came out in {releaseDate} is wanted",
            "is the movie {movieName} from {releaseDate} is in wanted",
            "if the movie {movieName} from {releaseDate} is in wanted",
            "is the film {movieName} from {releaseDate} is in wanted",
            "if the film {movieName} from {releaseDate} is in wanted",
            "is the movie {movieName} released in {releaseDate} is in wanted",
            "if the movie {movieName} released in {releaseDate} is in wanted",
            "is the film {movieName} released in {releaseDate} is in wanted",
            "if the film {movieName} released in {releaseDate} is in wanted",
            "is the movie {movieName} year {releaseDate} is in wanted",
            "if the movie {movieName} year {releaseDate} is in wanted",
            "is the film {movieName} year {releaseDate} is in wanted",
            "if the film {movieName} year {releaseDate} is in wanted",
            "is the movie {movieName} came out in {releaseDate} is in wanted",
            "if the movie {movieName} came out in {releaseDate} is in wanted",
            "is the film {movieName} came out in {releaseDate} is in wanted",
            "if the film {movieName} came out in {releaseDate} is in wanted"
          ]
        },
        {
          "name": "FindShow",
          "slots": [
            {
              "name": "showName",
              "type": "AMAZON.TVSeries"
            }
          ],
          "samples": [
            "if the series {showName} on a list",
            "is the series {showName} on a list",
            "is the show {showName} on the list",
            "if the show {showName} on the list",
            "is the series {showName} on the list",
            "if the series {showName} on the list",
            "is the show {showName} is on the list",
            "if the show {showName} is on the list",
            "is the series {showName} is on the list",
            "if the series {showName} is on the list",
            "is the show {showName} already",
            "if the show {showName} already",
            "is the series {showName} already",
            "if the series {showName} already",
            "is the show {showName} is already",
            "if the show {showName} is already",
            "is the series {showName} is already",
            "if the series {showName} is already",
            "is the show {showName} is wanted",
            "if the show {showName} is wanted",
            "is the series {showName} is wanted",
            "if the series {showName} is wanted",
            "is the show {showName} is in wanted",
            "if the show {showName} is in wanted",
            "is the series {showName} is in wanted",
            "if the series {showName} is in wanted"
          ]
        },
        {
          "name": "RemoveMovie",
          "slots": [
            {
              "name": "movieName",
              "type": "AMAZON.Movie"
            },
            {
              "name": "releaseDate",
              "type": "AMAZON.DATE"
            },
            {
              "name": "list_name",
              "type": "AMAZON.FictionalCharacter"
            }
          ],
          "samples": [
            "remove the movie {movieName} from the list {list_name}",
            "remove the movie {movieName} from my list {list_name}",
            "remove movie {movieName} {releaseDate}",
            "remove movie {movieName} from trakt",
            "remove the film {movieName} from the list {list_name}",
            "remove the movie {movieName} from the wanted list",
            "remove the film {movieName} from the wanted list",
            "remove the movie {movieName}",
            "remove the film {movieName}",
            "remove the movie {movieName} from {releaseDate} from the list ",
            "remove the film {movieName} from {releaseDate} from the list",
            "remove the movie {movieName} released in {releaseDate} from the list",
            "remove the film {movieName} released in {releaseDate} from the list",
            "remove the movie {movieName} year {releaseDate} to the list",
            "remove the film {movieName} year {releaseDate} to the list",
            "remove the movie {movieName} came out in {releaseDate} to the list",
            "remove the film {movieName} came out in {releaseDate} to the list",
            "remove the movie {movieName} from {releaseDate} to the wanted list",
            "remove the film {movieName} from {releaseDate} to the wanted list",
            "remove the movie {movieName} released in {releaseDate} to the wanted list",
            "remove the film {movieName} released in {releaseDate} to the wanted list",
            "remove the movie {movieName} year {releaseDate} to the wanted list",
            "remove the film {movieName} year {releaseDate} to the wanted list",
            "remove the movie {movieName} came out in {releaseDate} to the wanted list",
            "remove the film {movieName} came out in {releaseDate} to the wanted list",
            "remove the movie {movieName} from {releaseDate}",
            "remove the film {movieName} from {releaseDate}",
            "remove the movie {movieName} released in {releaseDate}",
            "remove the film {movieName} released in {releaseDate}",
            "remove the movie {movieName} year {releaseDate}",
            "remove the film {movieName} year {releaseDate}",
            "remove the movie {movieName} came out in {releaseDate}",
            "remove the film {movieName} came out in {releaseDate}"
          ]
        },
        {
          "name": "RemoveShow",
          "slots": [
            {
              "name": "showName",
              "type": "AMAZON.TVSeries"
            },
            {
              "name": "releaseDate",
              "type": "AMAZON.DATE"
            },
            {
              "name": "list_name",
              "type": "AMAZON.FictionalCharacter"
            }
          ],
          "samples": [
            "remove the show {showName} from the list {list_name}",
            "remove the show {showName} from my list {list_name}",
            "remove show {showName} {releaseDate}",
            "remove show {showName} from trakt",
            "remove the show {showName} from the wanted list",
            "remove the show {showName}",
            "remove the show {showName} from {releaseDate} from the list ",
            "remove the show {showName} released in {releaseDate} from the list",
            "remove the show {showName} year {releaseDate} to the list",
            "remove the show {showName} came out in {releaseDate} to the list",
            "remove the show {showName} from {releaseDate} to the wanted list",
            "remove the show {showName} released in {releaseDate} to the wanted list",
            "remove the show {showName} year {releaseDate} to the wanted list",
            "remove the show {showName} came out in {releaseDate} to the wanted list",
            "remove the show {showName} from {releaseDate}",
            "remove the show {showName} released in {releaseDate}",
            "remove the show {showName} year {releaseDate}",
            "remove the show {showName} came out in {releaseDate}"
          ]
        },
        {
          "name": "AddShow",
          "slots": [
            {
              "name": "showName",
              "type": "AMAZON.TVSeries"
            },
            {
              "name": "list_name",
              "type": "AMAZON.FictionalCharacter"
            }
          ],
          "samples": [
            "add the show {showName} to the list",
            "add the series {showName} to the list {list_name}",
            "add the show {showName} to the {list_name}",
            "add the series {showName} to the wanted list",
            "add the show {showName}",
            "add the series {showName}"
          ]
        },
        {
          "name": "AMAZON.NavigateHomeIntent",
          "samples": []
        },
        {
          "name": "ChooseList",
          "slots": [
            {
              "name": "listName",
              "type": "AMAZON.SearchQuery"
            }
          ],
          "samples": [
            "Change my list to {listName}",
            "Set my list to {listName}",
            "Select tracked list {listName}",
            "Select my list {listName}",
            "Get tracked lists",
            "Get my tracked lists",
            "Get my Radar lists",
            "Select list {listName}"
          ]
        },
        {
          "name": "WhatsOn",
          "slots": [
            {
              "name": "thedate",
              "type": "AMAZON.DATE"
            },
            {
              "name": "typeMedia",
              "type": "AMAZON.TVSeries"
            }
          ],
          "samples": [
            "what is on my trakt calandar {thedate}",
            "what is on my trakt calandar in {thedate}",
            "what is on my trakt calandar for {thedate}",
            "what {typeMedia} are on my trakt calandar {thedate}",
            "what is on my trakt caladar on {thedate}",
            "what {typeMedia} are on my trakt calandar",
            "What is on my trakt calandar on the {thedate} ",
            "What is on my calandar",
            "Whats on my calandar",
            "Whats on my calandar {thedate}",
            "what is on my calandar on {thedate}",
            "whats on my calandar for {thedate}",
            "what is on my calandar {thedate}",
            "what is on my calandar for {thedate}",
            "What is on my calandar today"
          ]
        },
        {
          "name": "AMAZON.RepeatIntent",
          "samples": [
            "say that again",
            "say again",
            "repeat"
          ]
        },
        {
          "name": "GetPopular",
          "slots": [
            {
              "name": "list",
              "type": "AMAZON.Genre"
            }
          ],
          "samples": [
            "Check the list {list}",
            "get the {list} list",
            "Check the {list} list",
            "get the list {list}"
          ]
        }
      ],
      "types": []
    }
  },
  "version": "43"
}